,<Ticker>,<DTYYYYMMDD>,<Open>,<High>,<Low>,<Close>,<Volume>
35,VCB,20181001,63.5,63.5,62.5,62.5,1932610
380,VCB,20180928,63.7,64.0,63.0,63.0,2104400
730,VCB,20180927,63.4,64.2,63.2,63.4,2121040
1093,VCB,20180926,64.4,64.9,63.8,63.8,2099660
1447,VCB,20180925,64.4,65.2,64.4,64.4,1031520
1796,VCB,20180924,65.5,65.7,64.8,65.2,1094970
2132,VCB,20180921,65.0,65.7,64.0,64.6,4889170
2499,VCB,20180920,63.3,64.6,63.3,64.4,1709890
2853,VCB,20180919,63.7,63.7,63.1,63.3,1075000
3184,VCB,20180918,62.5,63.3,62.3,63.3,1077110
3530,VCB,20180917,64.0,64.0,62.9,62.9,1007490
3900,VCB,20180914,63.2,64.4,63.2,64.0,2405940
4227,VCB,20180913,62.8,63.4,62.6,62.9,1069800
4565,VCB,20180912,63.2,63.6,62.5,62.6,1590110
4913,VCB,20180911,61.5,63.1,61.5,63.0,1543540
5260,VCB,20180910,62.0,62.6,61.1,62.0,1505560
5611,VCB,20180907,60.1,62.2,60.1,62.0,1595530
5946,VCB,20180906,60.6,61.0,60.2,60.3,796450
6314,VCB,20180905,61.0,61.8,60.3,60.6,1766180
6662,VCB,20180904,62.5,62.6,60.9,61.0,2050280
6989,VCB,20180831,63.8,64.0,62.0,62.5,1949400
7335,VCB,20180830,63.1,64.2,62.4,63.8,1336350
7680,VCB,20180829,63.9,64.1,63.1,63.1,1117930
8040,VCB,20180828,63.5,64.3,62.9,64.0,2588320
8366,VCB,20180827,62.5,63.5,62.4,63.1,1805900
8716,VCB,20180824,62.6,62.6,61.8,62.0,1779380
9062,VCB,20180823,62.0,62.8,61.6,62.6,1301270
9368,VCB,20180822,62.8,63.0,61.9,61.9,1490660
9722,VCB,20180821,61.0,62.7,61.0,62.7,1724610
10049,VCB,20180820,62.0,62.5,61.4,61.4,1601770
10419,VCB,20180817,61.1,62.9,60.8,62.0,2711770
10776,VCB,20180816,60.0,61.0,58.9,60.6,3426320
11107,VCB,20180815,63.2,63.4,60.5,60.6,3238040
11403,VCB,20180814,63.8,63.8,62.7,62.8,1274800
11763,VCB,20180813,63.0,63.8,62.2,63.8,2397270
12115,VCB,20180810,61.0,63.5,61.0,63.5,3849630
12457,VCB,20180809,62.1,62.7,61.3,61.3,2508810
12793,VCB,20180808,61.6,62.4,61.0,62.1,2193510
13139,VCB,20180807,58.8,61.9,58.6,61.5,5488590
13448,VCB,20180806,58.2,59.6,58.2,59.0,1782410
13810,VCB,20180803,59.5,59.7,58.1,58.5,1770230
14135,VCB,20180802,58.2,59.0,57.7,59.0,1855340
14484,VCB,20180801,59.1,59.2,58.4,58.6,1902040
14787,VCB,20180731,57.1,59.3,56.8,58.5,3438180
15178,VCB,20180730,57.0,57.4,56.5,57.3,1288790
15515,VCB,20180727,56.7,57.3,56.2,56.5,979280
15831,VCB,20180726,55.4,56.7,54.5,56.7,2107890
16159,VCB,20180725,57.3,57.4,55.3,55.3,1257900
16515,VCB,20180724,57.0,57.4,56.0,57.0,1683260
16816,VCB,20180723,56.6,58.4,56.5,56.6,2618240
17181,VCB,20180720,56.8,57.2,55.1,56.8,2204900
17508,VCB,20180719,57.7,57.8,56.7,56.8,1704000
17853,VCB,20180718,55.8,57.5,55.8,57.5,2473610
18159,VCB,20180717,54.0,55.8,54.0,55.8,1594780
18516,VCB,20180716,55.0,55.5,54.3,54.9,1302130
18869,VCB,20180713,53.3,54.9,52.0,54.8,1709410
19200,VCB,20180712,52.4,53.6,50.5,52.4,1422890
19475,VCB,20180711,51.9,52.5,50.1,51.2,3312190
19806,VCB,20180710,55.5,55.5,53.1,53.1,1360490
20164,VCB,20180709,55.0,56.4,54.0,54.0,1434270
20478,VCB,20180706,51.1,55.4,50.5,55.0,3443450
20785,VCB,20180705,55.4,55.6,52.0,52.0,2865870
21156,VCB,20180704,56.2,56.5,54.7,55.6,2452480
21489,VCB,20180703,58.3,58.3,56.0,56.0,3355250
21821,VCB,20180702,57.5,58.4,55.4,58.1,2846420
22168,VCB,20180629,57.9,58.7,56.8,58.0,1439520
22489,VCB,20180628,57.0,58.7,57.0,57.9,2114670
22790,VCB,20180627,59.0,60.5,58.0,58.0,2602270
23127,VCB,20180626,58.5,59.4,58.0,59.3,1346430
23499,VCB,20180625,60.0,60.2,58.9,59.4,2415610
23777,VCB,20180622,56.1,58.7,55.5,58.7,2529630
24142,VCB,20180621,58.0,58.2,56.4,57.0,1637920
24458,VCB,20180620,57.0,58.7,56.2,58.1,2767440
24797,VCB,20180619,54.5,56.5,54.0,56.5,5149160
25128,VCB,20180618,58.9,59.0,56.0,56.5,2461860
25465,VCB,20180615,57.5,59.0,57.4,59.0,2557670
25805,VCB,20180614,59.9,59.9,58.0,58.1,2814340
26102,VCB,20180613,57.6,59.9,57.6,59.9,2054850
26486,VCB,20180612,58.5,59.0,56.5,58.0,3024500
26775,VCB,20180611,59.4,60.3,58.5,59.0,2453150
27150,VCB,20180608,58.3,60.4,58.3,59.7,2693680
27461,VCB,20180607,59.0,59.3,58.4,58.7,2538580
27817,VCB,20180606,58.1,59.7,57.6,59.1,2183260
28155,VCB,20180605,58.6,59.6,57.7,58.6,3532580
28459,VCB,20180604,56.5,59.6,56.0,59.3,3837380
28806,VCB,20180601,54.1,57.5,53.9,57.0,5930650
29167,VCB,20180531,51.5,54.5,51.4,54.1,3736400
29474,VCB,20180530,51.0,52.8,50.5,52.0,4432950
29819,VCB,20180529,47.5,50.0,46.8,50.0,2610350
30144,VCB,20180528,49.0,49.6,46.8,46.8,4579370
30470,VCB,20180525,53.4,53.7,50.0,50.0,2718610
30839,VCB,20180524,54.5,54.8,53.0,53.3,1312180
31156,VCB,20180523,53.0,54.5,52.0,54.5,2045320
31499,VCB,20180522,54.9,55.5,52.0,53.4,3235250
31870,VCB,20180521,56.5,57.4,55.7,55.7,1835620
32208,VCB,20180518,56.9,57.1,54.8,56.5,2437850
32551,VCB,20180517,57.0,57.4,56.2,56.8,2079780
32874,VCB,20180516,58.5,58.9,57.0,57.0,2368960
33222,VCB,20180515,58.3,59.8,58.2,58.7,2498910
33520,VCB,20180514,58.2,58.5,56.9,58.3,1522180
33872,VCB,20180511,56.5,58.0,54.5,57.9,3954360
34230,VCB,20180510,59.9,60.2,55.6,56.5,4433980
34553,VCB,20180509,60.7,61.0,59.5,59.5,2787480
34886,VCB,20180508,61.3,62.2,61.0,61.0,2947160
35212,VCB,20180507,59.8,62.1,59.3,62.1,3511210
35523,VCB,20180504,60.2,60.7,58.9,59.0,3234250
35864,VCB,20180503,58.2,59.7,56.9,59.6,3451890
36202,VCB,20180502,58.2,61.0,57.8,58.2,2862030
36533,VCB,20180427,58.2,60.2,58.1,60.0,2940100
36868,VCB,20180426,60.0,61.3,58.0,58.2,4669710
37191,VCB,20180424,59.0,60.7,58.0,60.0,4451970
37547,VCB,20180423,59.6,64.8,59.6,59.6,2876760
37888,VCB,20180420,61.2,64.0,60.7,64.0,2996320
38246,VCB,20180419,64.4,64.5,61.0,61.0,4909820
38534,VCB,20180418,67.8,67.8,64.8,64.8,2005410
38880,VCB,20180417,66.0,67.0,65.5,67.0,2104840
39252,VCB,20180416,67.2,67.6,65.1,65.9,3992890
39571,VCB,20180413,71.3,71.4,67.5,67.9,5148440
39910,VCB,20180412,70.9,71.5,70.0,70.9,3262970
40252,VCB,20180411,74.7,74.8,70.0,71.2,3911130
40597,VCB,20180410,74.5,75.3,73.6,74.5,5026810
40909,VCB,20180409,73.5,74.3,73.5,73.8,2693260
41264,VCB,20180406,73.6,74.8,73.4,73.5,2346040
41601,VCB,20180405,73.8,74.0,72.6,73.5,1763710
41946,VCB,20180404,74.5,74.8,73.5,73.5,2089100
42308,VCB,20180403,74.0,75.3,73.5,74.3,3500060
42607,VCB,20180402,71.0,74.0,70.8,74.0,3055600
42945,VCB,20180330,71.0,71.4,70.2,70.5,1280140
43292,VCB,20180329,70.8,71.6,70.1,71.0,1457380
43642,VCB,20180328,69.9,71.3,69.8,70.5,1643300
43984,VCB,20180327,72.8,72.9,70.6,71.0,2322350
44309,VCB,20180326,70.0,71.9,69.6,71.9,1821910
44679,VCB,20180323,68.5,70.7,68.5,69.9,4563730
44993,VCB,20180322,74.0,74.0,72.0,72.0,3871380
45343,VCB,20180321,74.5,75.2,73.5,73.5,2952180
45694,VCB,20180320,73.3,74.9,73.3,74.0,1836040
46045,VCB,20180319,74.3,76.5,73.0,74.3,2803610
46370,VCB,20180316,74.7,75.3,74.1,74.7,5327050
46724,VCB,20180315,73.0,74.5,72.8,73.8,2111990
47083,VCB,20180314,72.6,74.3,72.6,73.8,4053460
47411,VCB,20180313,72.0,72.6,70.6,72.0,2146470
47752,VCB,20180312,72.0,73.4,71.5,72.0,2899140
48100,VCB,20180309,70.5,71.5,69.6,71.0,3236520
48423,VCB,20180308,69.6,70.4,68.8,69.5,1554260
48737,VCB,20180307,71.5,71.9,68.5,69.6,2277620
49088,VCB,20180306,69.0,71.5,67.7,71.2,3103920
49448,VCB,20180305,72.0,72.5,68.0,68.0,2914810
49779,VCB,20180302,70.0,72.0,70.0,71.8,2525210
50124,VCB,20180301,72.6,74.6,71.0,71.5,3615670
50455,VCB,20180228,72.1,75.0,72.0,73.8,3475320
50803,VCB,20180227,72.9,73.5,71.7,73.2,2249770
51118,VCB,20180226,74.3,74.3,71.4,71.9,3453290
51474,VCB,20180223,67.0,71.4,66.7,71.4,4825770
51821,VCB,20180222,65.6,67.4,65.4,66.8,2352100
52157,VCB,20180221,65.0,67.9,64.5,66.2,2132410
52476,VCB,20180213,64.3,64.9,63.6,64.0,1527780
52812,VCB,20180212,62.0,63.5,60.7,63.5,1847850
53152,VCB,20180209,58.5,62.3,58.5,60.9,2408810
53480,VCB,20180208,62.6,63.5,61.5,62.9,855160
53829,VCB,20180207,65.0,65.2,62.8,63.5,1635780
54170,VCB,20180206,62.0,63.0,58.4,62.0,6724710
54503,VCB,20180205,66.0,67.0,62.7,62.7,2687810
54852,VCB,20180202,67.5,67.5,66.6,67.4,1652660
55173,VCB,20180201,66.4,67.8,65.8,66.6,2166810
55507,VCB,20180131,67.0,68.9,66.2,66.6,1936300
55845,VCB,20180130,66.5,67.8,66.2,67.0,2818520
56211,VCB,20180129,70.0,71.5,67.8,68.0,2281360
56556,VCB,20180126,69.4,70.0,66.5,69.1,2617800
56877,VCB,20180125,65.5,67.7,63.8,67.7,4788340
57252,VCB,20180122,62.0,63.4,61.7,63.3,2300660
57566,VCB,20180119,58.6,61.4,58.3,61.0,2998270
57926,VCB,20180118,56.0,58.5,55.9,58.5,2845720
58247,VCB,20180117,59.8,59.9,56.2,56.2,2077670
58595,VCB,20180116,59.3,60.3,58.8,60.0,2218380
58916,VCB,20180115,58.0,60.0,57.0,60.0,2061850
59287,VCB,20180112,58.8,59.4,58.0,58.0,2525840
59606,VCB,20180111,57.5,58.8,57.2,58.8,1766240
59937,VCB,20180110,58.3,59.2,57.3,58.0,2842830
60275,VCB,20180109,56.0,58.5,54.5,58.5,2853160
60641,VCB,20180108,54.0,55.5,53.0,55.4,2071140
60963,VCB,20180105,55.1,55.1,53.9,54.0,2045200
61270,VCB,20180104,54.6,55.4,54.3,55.4,1990040
61624,VCB,20180103,55.5,55.7,54.5,54.9,1843870
62140,VCB,20180102,54.0,55.4,53.6,55.0,2801720
62200,VCB,20171229,54.0,55.0,53.9,54.3,2753570
62528,VCB,20171228,52.5,54.9,52.5,54.1,2321870
62863,VCB,20171227,51.4,52.8,51.1,52.5,2214360
63213,VCB,20171226,51.5,51.7,50.5,51.4,1701570
63550,VCB,20171225,51.0,51.7,50.8,51.4,1491740
63856,VCB,20171222,48.2,50.8,48.05,50.8,4459390
64182,VCB,20171221,49.0,49.2,48.5,48.5,1547200
64518,VCB,20171220,47.75,49.35,47.4,49.0,2587600
64857,VCB,20171219,47.9,48.45,47.35,47.75,1958480
65177,VCB,20171218,47.0,48.2,46.6,47.8,2349430
65508,VCB,20171215,45.3,46.5,45.2,46.0,2574240
65845,VCB,20171214,44.0,45.5,43.9,45.3,2166840
66150,VCB,20171213,45.0,45.1,43.7,44.0,1177420
66507,VCB,20171212,45.3,45.4,41.6,44.7,2440280
66829,VCB,20171211,46.0,46.9,44.6,44.6,1447900
67151,VCB,20171208,47.6,47.6,46.5,47.05,1517040
67478,VCB,20171207,48.0,48.0,46.7,47.6,2737090
67814,VCB,20171206,48.0,48.3,47.1,48.0,2102030
68131,VCB,20171205,49.0,50.0,48.1,48.1,1975550
68479,VCB,20171204,48.5,49.4,48.3,49.4,1939700
68819,VCB,20171201,48.6,48.9,48.0,48.3,2085760
69117,VCB,20171130,48.8,50.0,48.5,48.5,1997210
69457,VCB,20171129,48.0,49.0,48.0,49.0,1440140
69792,VCB,20171128,48.1,48.4,47.5,48.2,1712500
70140,VCB,20171127,47.5,48.2,46.8,47.9,2242960
70452,VCB,20171124,47.5,47.7,47.0,47.4,1363450
70793,VCB,20171123,48.7,48.9,46.85,47.9,2666680
71106,VCB,20171122,46.7,48.1,46.7,48.0,3116060
71440,VCB,20171121,45.3,47.7,45.2,46.7,3799100
71780,VCB,20171120,44.4,45.0,44.35,45.0,1783000
72110,VCB,20171117,44.8,45.15,44.35,44.4,2063770
72436,VCB,20171116,43.75,44.85,43.6,44.7,2077060
72776,VCB,20171115,43.6,44.2,43.6,43.6,1304050
73087,VCB,20171114,43.5,44.4,43.35,43.8,3008230
73403,VCB,20171113,43.5,43.7,43.0,43.4,2104320
73728,VCB,20171110,43.0,43.65,42.8,43.1,2187370
74039,VCB,20171109,43.8,44.0,43.1,43.1,1899000
74402,VCB,20171108,42.45,44.0,42.2,43.6,2695690
74697,VCB,20171107,42.5,42.85,42.0,42.45,1712940
75034,VCB,20171106,42.0,42.9,41.8,42.5,2460760
75344,VCB,20171103,41.4,41.9,40.8,41.9,1399850
75664,VCB,20171102,41.6,42.9,41.1,41.1,2341010
75977,VCB,20171101,41.6,41.85,41.35,41.6,2149100
76292,VCB,20171031,41.9,42.1,41.4,41.4,1322440
76636,VCB,20171030,42.3,42.95,41.5,41.9,3808170
76944,VCB,20171027,40.6,42.0,40.45,42.0,2347090
77265,VCB,20171026,40.75,41.25,40.2,40.6,1922030
77569,VCB,20171025,40.0,40.8,40.0,40.75,1385130
77908,VCB,20171024,39.85,40.3,39.5,40.0,1212060
78229,VCB,20171023,39.9,41.35,39.8,39.9,3568930
78554,VCB,20171020,40.55,41.3,40.45,40.8,2072400
78876,VCB,20171019,40.7,40.9,40.3,40.5,1482080
79203,VCB,20171018,40.9,41.4,40.55,40.7,3053330
79506,VCB,20171017,39.05,41.0,39.0,41.0,3062770
79821,VCB,20171016,39.45,39.5,38.95,39.05,1542490
80153,VCB,20171013,39.0,39.4,39.0,39.35,1784200
80482,VCB,20171012,39.35,39.45,39.05,39.05,1767480
80764,VCB,20171011,39.8,39.9,39.05,39.35,2835470
81107,VCB,20171010,39.4,39.9,39.2,39.65,2583380
81437,VCB,20171009,39.35,39.65,39.15,39.4,2500440
81743,VCB,20171006,38.7,39.15,38.65,39.05,2322970
82043,VCB,20171005,39.2,40.0,38.7,38.7,5672370
82389,VCB,20171004,37.5,39.0,37.5,38.8,4836990
82703,VCB,20171003,37.8,37.9,37.5,37.6,1417210
83018,VCB,20171002,37.8,38.1,37.45,37.65,1205110
83350,VCB,20170929,37.25,37.75,37.2,37.6,2122200
83676,VCB,20170928,37.2,37.45,37.1,37.25,1573710
84009,VCB,20170927,37.0965,37.1944,36.7539,36.9008,1377060
84299,VCB,20170926,36.7013,36.897,36.5055,36.8518,871840
84662,VCB,20170925,36.8518,36.9497,36.6561,36.705,1065690
84982,VCB,20170922,37.0438,37.0927,36.7991,36.8518,1052820
85283,VCB,20170921,36.9986,37.3412,36.9497,37.0476,1215880
85602,VCB,20170920,36.6523,37.3863,36.6523,36.9986,2168280
85952,VCB,20170919,36.6523,36.9949,36.5055,36.6071,2466890
86257,VCB,20170918,37.1944,37.3902,36.8029,36.8029,2916990
86576,VCB,20170915,37.488,37.5859,37.0965,37.1944,2799180
86891,VCB,20170914,37.3863,37.68,37.0927,37.488,2432090
87204,VCB,20170913,37.5821,37.5821,37.0927,37.2433,774520
87550,VCB,20170912,36.897,37.2885,36.8481,37.2433,1335940
87860,VCB,20170911,36.9986,38.0753,36.9008,36.9008,1858420
88172,VCB,20170908,37.1944,37.2923,36.8518,36.9008,753240
88497,VCB,20170907,37.1944,37.1944,36.9008,36.9008,558020
88817,VCB,20170906,37.1944,37.3412,36.9497,37.1944,589690
89127,VCB,20170905,36.6034,37.4842,36.3587,37.3412,1658120
89437,VCB,20170901,36.6071,36.705,36.3135,36.6561,655740
89775,VCB,20170831,36.1177,36.6561,36.0688,36.3135,697650
90121,VCB,20170830,36.2156,36.5092,36.1177,36.2156,697600
90408,VCB,20170829,36.6561,36.705,36.2156,36.2156,691290
90756,VCB,20170828,36.3624,36.6561,36.3135,36.6561,664630
91071,VCB,20170825,36.2608,36.6034,36.2608,36.3624,222240
91399,VCB,20170824,36.3587,36.6523,36.114000000000004,36.2645,326460
91712,VCB,20170823,36.2156,36.3135,35.922,36.2156,551970
92034,VCB,20170822,36.7013,36.7013,36.114000000000004,36.1177,547530
92381,VCB,20170821,36.7013,36.7991,36.5055,36.6071,257280
92681,VCB,20170818,36.5092,36.9986,36.3624,36.705,720950
93027,VCB,20170817,36.7013,36.7502,36.3587,36.5092,521370
93325,VCB,20170816,36.5092,36.7539,36.4603,36.705,388380
93655,VCB,20170815,36.7991,36.897,36.5055,36.5092,466800
93967,VCB,20170814,36.6523,36.9949,36.6523,36.8518,363540
94321,VCB,20170811,36.6561,36.7539,36.5092,36.6561,580140
94608,VCB,20170810,36.7539,37.0965,36.6561,36.9008,1133390
94939,VCB,20170809,37.5821,37.7289,36.7013,36.9986,1227850
95262,VCB,20170808,37.2395,38.1204,37.2395,37.5859,1643470
95600,VCB,20170807,37.2885,37.4353,37.1906,37.2433,748690
95915,VCB,20170804,37.4842,37.5821,37.0927,37.2433,755620
96232,VCB,20170803,37.4842,37.5821,37.2885,37.488,677010
96577,VCB,20170802,37.2923,37.5859,36.9986,37.2923,943280
96901,VCB,20170801,37.1906,37.8757,37.1906,37.5859,1710380
97237,VCB,20170731,36.705,37.0965,36.705,36.9497,1097910
97549,VCB,20170728,36.5582,36.9986,36.5092,36.705,1246630
97857,VCB,20170727,36.6071,36.7539,36.5582,36.5582,661800
98172,VCB,20170726,36.6523,36.7991,36.4076,36.6071,1240450
98531,VCB,20170725,36.4076,36.5544,36.114000000000004,36.5092,483370
98829,VCB,20170724,36.2119,36.5055,35.8694,36.5092,914230
99164,VCB,20170721,36.8029,36.9008,36.2156,36.2156,1058900
99475,VCB,20170720,36.705,36.8029,36.3135,36.6561,1086130
99795,VCB,20170719,36.9986,37.1455,36.705,36.8029,1170570
100137,VCB,20170718,36.8029,37.1944,36.7539,36.9497,1396110
100463,VCB,20170717,37.4391,37.537,36.9008,36.9008,703340
100758,VCB,20170714,37.3902,37.537,37.2433,37.4391,386280
101093,VCB,20170713,37.6838,37.6838,37.1944,37.3902,467540
101416,VCB,20170712,37.6838,37.6838,37.0476,37.1944,1299690
101749,VCB,20170711,37.1906,37.4842,36.7991,37.488,1103920
102065,VCB,20170710,38.0753,38.2711,37.1944,37.2923,1364350
102402,VCB,20170707,38.6626,38.8094,37.8796,37.8796,1164990
102723,VCB,20170706,37.9774,38.6626,37.9774,38.5158,2378800
103025,VCB,20170705,38.1732,38.1732,37.6349,38.0264,799160
103368,VCB,20170704,38.1732,38.1732,37.6838,37.8796,819980
103689,VCB,20170703,37.68,38.3161,37.5821,38.0753,1812960
104005,VCB,20170630,37.488,37.7817,37.2923,37.6838,854400
104322,VCB,20170629,37.488,37.537,37.0965,37.3902,841580
104647,VCB,20170628,37.4353,37.4842,37.0438,37.2433,1400580
104945,VCB,20170627,37.9774,38.0264,37.4391,37.4391,1026510
105283,VCB,20170626,37.488,37.7817,37.3412,37.6838,1214450
105612,VCB,20170623,37.2433,37.3902,36.9497,37.2923,1880570
105916,VCB,20170622,37.8796,37.9285,37.2923,37.2923,1355410
106251,VCB,20170621,38.4629,38.5118,37.1906,37.8306,2270290
106563,VCB,20170620,38.9562,38.9562,38.4668,38.6626,2278990
106873,VCB,20170619,39.0052,39.152,38.5647,38.8584,1526720
107186,VCB,20170616,39.0052,39.0052,38.4179,38.6626,2708280
107528,VCB,20170615,38.369,38.7605,38.2221,38.6626,2996650
107837,VCB,20170614,37.7327,38.5647,37.7327,38.369,2818810
108143,VCB,20170613,37.2395,37.8268,37.1906,37.7327,986280
108436,VCB,20170612,37.5859,37.6349,37.1455,37.537,971550
108757,VCB,20170609,37.2885,37.7778,37.0927,37.5859,1972850
109077,VCB,20170608,37.3863,37.4842,36.9949,37.0965,1634700
109378,VCB,20170607,37.8757,38.0225,37.3863,37.488,2419330
109710,VCB,20170606,36.5055,37.8268,36.4076,37.8306,4750190
110023,VCB,20170605,35.6283,36.5092,35.5794,36.4114,1909000
110332,VCB,20170602,35.5268,35.7226,35.3311,35.5304,1088530
110632,VCB,20170601,35.6247,35.8694,35.4289,35.5304,972860
110937,VCB,20170531,35.922,35.922,35.041,35.4326,1478930
111256,VCB,20170530,35.9183,35.9183,35.4289,35.5304,1368210
111582,VCB,20170529,36.3098,36.6034,35.6247,35.6283,1697170
111880,VCB,20170526,36.2645,36.4603,35.922,35.922,1241870
112176,VCB,20170525,36.9986,37.0476,36.3135,36.3135,1692550
112494,VCB,20170524,36.3624,37.2433,36.2645,36.9497,1579160
112814,VCB,20170523,36.705,36.9008,36.4114,36.4114,1332510
113136,VCB,20170522,36.3135,37.3902,35.9709,36.705,3432310
113435,VCB,20170519,35.6283,35.9709,35.5304,35.9709,1089810
113744,VCB,20170518,35.3347,35.7751,35.3347,35.5794,1050880
114059,VCB,20170517,35.2368,35.5794,35.2368,35.4326,1250660
114372,VCB,20170516,35.3311,35.6247,35.2332,35.2857,1005430
114664,VCB,20170515,35.6247,35.7226,35.38,35.5304,1127830
114990,VCB,20170512,35.9709,36.0198,35.5794,35.6773,898130
115286,VCB,20170511,36.0162,36.2119,35.9672,36.0198,1216160
115609,VCB,20170510,35.6773,36.2156,35.6773,35.9709,1447800
115923,VCB,20170509,34.9921,35.8241,34.8942,35.6773,1633890
116188,VCB,20170508,35.3347,35.5304,34.9432,34.9921,863080
116519,VCB,20170505,35.5304,35.5304,35.1389,35.3347,783900
116839,VCB,20170504,34.7439,35.8204,34.646,35.5304,2186490
117110,VCB,20170503,34.3559,35.2368,34.3069,34.7474,899880
117448,VCB,20170428,34.0622,34.5027,34.0133,34.3559,1522920
117727,VCB,20170427,34.4538,34.5516,33.9644,34.1112,2240170
118053,VCB,20170426,34.3524,34.4502,34.2545,34.3069,709260
118360,VCB,20170425,34.3559,34.5516,34.2091,34.3559,656130
118660,VCB,20170424,34.7474,34.9921,34.3559,34.3559,450210
118940,VCB,20170421,34.6495,35.1389,34.6495,34.7474,517030
119255,VCB,20170420,35.1353,35.1353,34.646,34.6495,1002210
119553,VCB,20170419,35.0375,35.3311,34.9396,35.1389,571690
119836,VCB,20170418,34.7474,35.09,34.6495,35.09,534340
120152,VCB,20170417,35.5794,35.6773,34.7474,34.7474,1031640
120475,VCB,20170414,35.922,35.9709,35.2368,35.5794,1028920
120761,VCB,20170413,35.873000000000005,36.3624,35.873000000000005,35.9709,771230
121070,VCB,20170412,36.2119,36.2119,35.8694,36.0198,925540
121383,VCB,20170411,35.9183,36.2119,35.9183,36.1177,494890
121716,VCB,20170410,36.1177,36.3135,35.922,35.922,701010
121997,VCB,20170407,35.8204,36.114000000000004,35.8204,36.0198,746360
122317,VCB,20170405,36.0198,36.5092,36.0198,36.0688,620740
122624,VCB,20170404,35.7226,36.3098,35.6736,36.0198,1012810
122968,VCB,20170403,36.114000000000004,36.2608,35.5268,35.6283,2231080
123269,VCB,20170331,36.4076,36.6034,36.114000000000004,36.1177,1648790
123577,VCB,20170330,36.5092,36.8029,36.4114,36.4114,1000760
123896,VCB,20170329,36.4566,36.7013,36.3587,36.5092,1380040
124200,VCB,20170328,36.9949,37.2395,36.5544,36.6071,1950220
124496,VCB,20170327,37.1906,37.5821,36.9459,36.9986,1677100
124821,VCB,20170324,37.6838,37.7327,36.9497,37.1944,1411600
125109,VCB,20170323,36.9008,37.6838,36.8029,37.4391,1640470
125411,VCB,20170322,37.1944,37.537,36.8029,36.9008,1941850
125743,VCB,20170321,37.0965,37.1944,36.8029,37.1944,975510
126062,VCB,20170320,36.6034,37.0927,36.6034,36.7539,1083060
126361,VCB,20170317,36.3135,36.7539,36.1667,36.2156,3101080
126683,VCB,20170316,36.2156,36.4603,36.1667,36.3135,574840
126950,VCB,20170315,36.4603,36.4603,36.1667,36.1667,561660
127274,VCB,20170314,36.2608,36.6034,36.2608,36.2645,502570
127589,VCB,20170313,36.3098,36.6034,36.2608,36.2645,885720
127891,VCB,20170310,36.705,37.3902,36.5582,36.705,596520
128209,VCB,20170309,37.1417,37.5821,36.9949,36.9986,1001970
128524,VCB,20170308,36.5092,37.3902,36.5092,36.9008,892080
128817,VCB,20170307,36.705,36.705,36.3135,36.705,561990
129121,VCB,20170306,37.1906,37.1906,36.5055,36.5092,510190
129445,VCB,20170303,36.4114,36.8029,36.1177,36.705,516470
129756,VCB,20170302,36.7991,36.897,36.114000000000004,36.1177,1147120
130053,VCB,20170301,36.6071,36.8029,36.4114,36.4114,753500
130370,VCB,20170228,37.3863,37.3863,36.6034,36.6071,703780
130661,VCB,20170227,37.3902,37.537,36.4114,37.3902,902460
130980,VCB,20170224,36.9986,37.0476,36.5092,36.6561,785650
131300,VCB,20170223,37.0965,37.3902,36.7539,36.8029,1453770
131590,VCB,20170222,37.68,37.68,36.9949,37.0965,802090
131900,VCB,20170221,37.1906,37.631,37.1417,37.5859,1076370
132229,VCB,20170220,37.6838,37.6838,37.0965,37.1455,1322360
132515,VCB,20170217,37.8757,37.9246,37.4842,37.488,1220700
132826,VCB,20170216,38.369,38.7115,37.6838,37.7817,1359740
133119,VCB,20170215,38.0264,38.4668,37.7817,38.1732,1419820
133428,VCB,20170214,38.0264,38.2711,37.6838,37.8796,1325510
133753,VCB,20170213,38.4668,38.4668,37.8796,38.0264,1490330
134029,VCB,20170210,38.8055,38.8055,38.4629,38.4668,1754030
134351,VCB,20170209,39.0052,39.0541,38.6626,38.8584,1203520
134624,VCB,20170208,38.5647,38.9562,38.2711,38.9073,1792740
134956,VCB,20170207,37.9774,38.4179,37.9285,38.4179,1527190
135244,VCB,20170206,37.8796,38.0753,37.5859,37.8796,1288900
135550,VCB,20170203,38.6626,38.6626,37.8796,37.8796,1546040
135831,VCB,20170202,38.7605,38.7605,38.0753,38.6137,1368580
136135,VCB,20170125,38.0714,38.4629,37.5821,38.4668,1352580
136441,VCB,20170124,37.2433,37.7817,37.1944,37.7817,899030
136751,VCB,20170123,37.537,37.537,37.1455,37.2923,717890
137042,VCB,20170120,37.3902,37.6838,37.1944,37.1944,908930
137342,VCB,20170119,37.5859,37.6838,37.1944,37.1944,521040
137610,VCB,20170118,37.9246,38.3161,37.4842,37.488,1143460
137930,VCB,20170117,36.705,38.32,36.705,38.1243,2340000
138211,VCB,20170116,36.705,36.9986,36.2645,36.5582,641920
138495,VCB,20170113,36.8029,37.488,36.6561,36.6561,1164660
138790,VCB,20170112,37.5821,37.68,36.9949,37.0965,1863070
139083,VCB,20170111,37.5859,37.9285,37.4391,37.6349,1498220
139369,VCB,20170110,37.5821,37.8268,37.5331,37.5859,1234210
139659,VCB,20170109,37.3902,38.1243,37.2923,37.8796,2379510
139966,VCB,20170106,36.4076,37.5821,36.3098,37.0965,2495910
140239,VCB,20170105,36.114000000000004,36.5055,36.0651,36.3624,855250
140539,VCB,20170104,36.705,36.8029,36.0198,36.2156,1339740
140827,VCB,20170103,34.8453,36.705,34.8453,36.4603,2018750
141151,VCB,20161230,34.6985,34.9432,34.6495,34.6985,565850
141443,VCB,20161229,35.1389,35.1389,34.6495,34.6985,482410
141734,VCB,20161228,35.3347,35.3347,34.8453,34.8453,647070
142044,VCB,20161227,35.4326,35.6283,35.2368,35.2368,821630
142339,VCB,20161226,34.8942,35.4326,34.8453,35.3347,1005930
142654,VCB,20161223,34.2091,34.8453,34.1112,34.8453,985440
142927,VCB,20161222,34.3524,34.3524,34.1077,34.1601,422940
143218,VCB,20161221,34.1601,34.4538,33.9644,34.2091,314930
143506,VCB,20161220,34.5516,34.5516,34.1112,34.2091,449350
143802,VCB,20161219,34.3524,34.5481,34.2545,34.4048,847210
144107,VCB,20161216,34.258,34.3559,33.9644,34.3559,1269760
144394,VCB,20161215,34.0622,34.5516,33.7686,34.258,540870
144685,VCB,20161214,33.5205,34.1077,33.5205,34.0622,500040
144980,VCB,20161213,34.1566,34.1566,33.5205,33.6707,775830
145269,VCB,20161212,33.863,34.2545,33.863,34.1601,557230
145564,VCB,20161209,34.0588,34.4013,34.0588,34.3069,566840
145849,VCB,20161208,33.6707,34.6985,33.475,34.258,677500
146162,VCB,20161207,33.4226,33.6673,33.4226,33.6707,779510
146471,VCB,20161206,34.2056,34.2056,33.2758,33.426,1338320
146757,VCB,20161205,34.3524,34.4013,34.1566,34.1601,548780
147050,VCB,20161202,34.4502,34.597,34.3524,34.5516,751530
147349,VCB,20161201,34.7474,34.7474,34.4538,34.5027,866550
147633,VCB,20161130,33.8665,34.4538,33.6707,34.4538,2063550
147960,VCB,20161129,34.5516,34.7474,34.0622,34.258,1322100
148261,VCB,20161128,34.9432,34.9432,34.6006,34.7474,1062520
148543,VCB,20161125,35.2332,35.3311,34.9396,35.041,689900
148835,VCB,20161124,35.3347,35.5794,35.1389,35.2368,632950
149107,VCB,20161123,35.3311,35.6736,35.2332,35.5304,938330
149425,VCB,20161122,34.9432,35.2368,34.8942,35.2368,623270
149726,VCB,20161121,34.7963,35.041,34.7474,34.9432,592840
150011,VCB,20161118,34.7439,34.8907,34.6949,34.7963,628230
150306,VCB,20161117,35.0375,35.0375,34.597,34.8942,737730
150612,VCB,20161116,35.0375,35.1353,34.8417,35.041,455210
150904,VCB,20161115,34.9885,35.4779,34.9885,35.041,278870
151181,VCB,20161114,35.4779,35.4779,34.9885,35.041,745100
151498,VCB,20161111,35.7262,36.0198,35.2857,35.4815,898610
151773,VCB,20161110,35.6247,35.8204,35.5757,35.6283,792150
152057,VCB,20161109,35.5304,35.5304,34.258,35.2368,1690880
152370,VCB,20161108,35.6247,35.6736,35.2332,35.6283,1088300
152678,VCB,20161107,34.3559,35.5304,34.3069,35.4815,1085380
152937,VCB,20161104,34.4538,34.4538,34.1601,34.258,613830
153265,VCB,20161103,34.4048,34.5027,34.0133,34.258,984650
153539,VCB,20161102,35.0375,35.1843,34.646,34.6495,508170
153844,VCB,20161101,35.0375,35.4289,34.9396,35.1389,519580
154139,VCB,20161031,35.2368,35.6773,35.2368,35.2368,672940
154429,VCB,20161028,35.5268,35.6247,35.1353,35.5304,435980
154729,VCB,20161027,34.5481,35.5268,34.5481,35.5304,844890
155011,VCB,20161026,34.9885,35.0375,34.5481,34.5516,694100
155283,VCB,20161025,35.3347,35.3347,34.6495,34.9921,1336590
155569,VCB,20161024,36.0198,36.2156,35.3347,35.3347,682740
155892,VCB,20161021,35.922,36.2156,35.8241,35.922,775760
156178,VCB,20161020,36.0198,36.2156,35.922,35.922,590370
156454,VCB,20161019,36.0198,36.4114,35.8241,35.922,960210
156742,VCB,20161018,35.6283,36.1177,35.3347,35.6773,943960
157064,VCB,20161017,36.4076,36.4076,35.6247,35.6283,1573680
157340,VCB,20161014,36.5092,36.9008,36.4114,36.4114,840790
157628,VCB,20161013,36.897,36.897,36.3098,36.5092,587930
157940,VCB,20161012,36.9986,37.1455,36.6561,36.8029,532610
158199,VCB,20161011,36.897,36.9949,35.8204,36.9986,2070950
158531,VCB,20161010,37.1455,37.3902,36.2156,36.705,1014570
158815,VCB,20161007,37.6349,37.8306,36.9986,37.1455,1316880
159084,VCB,20161006,37.3902,37.8306,37.3902,37.537,1173090
159405,VCB,20161005,37.6838,37.7817,37.3412,37.3902,931670
159680,VCB,20161004,37.0927,37.7778,36.9949,37.0965,1653180
159966,VCB,20161003,37.4842,37.7778,36.897,37.0965,1293590
160264,VCB,20160930,37.4842,37.9736,37.1906,37.488,1402860
160564,VCB,20160929,38.1693,38.3161,37.1906,37.488,1749200
160883,VCB,20160928,37.9774,38.369,37.7327,38.1732,1753620
161145,VCB,20160927,36.8029,37.8306,36.6071,37.7817,2049090
161435,VCB,20160926,36.5582,37.1455,36.2645,36.8029,1147450
161720,VCB,20160923,36.705,36.8518,36.4114,36.5582,836780
161996,VCB,20160922,36.9986,37.488,36.6561,36.705,1593200
162291,VCB,20160921,36.2156,36.8029,36.2156,36.6561,1739860
162589,VCB,20160920,35.922,36.8029,35.5304,36.6561,1203310
162875,VCB,20160919,34.9396,36.0651,34.9396,35.873000000000005,1527320
163154,VCB,20160916,35.2368,35.3347,34.258,34.258,7265480
163464,VCB,20160915,36.0198,36.3135,35.2368,35.2368,717270
163726,VCB,20160914,34.7963,36.6071,34.7963,35.7262,1555400
164034,VCB,20160913,36.705,36.705,35.2368,35.2368,2161880
164330,VCB,20160912,37.7817,37.7817,36.2156,36.6561,1033010
164604,VCB,20160909,37.1944,38.2711,36.9986,37.8796,3353710
164902,VCB,20160908,36.2457,36.2457,35.535,35.8907,1899730
165204,VCB,20160907,36.2457,36.9564,35.535,35.8907,1582570
165498,VCB,20160906,36.2457,36.6011,35.535,35.8907,1844160
165789,VCB,20160905,37.3118,37.3118,35.3929,35.8907,4191860
166051,VCB,20160901,38.7332,39.0885,36.6011,37.3121,3427730
166359,VCB,20160831,39.4439,40.1546,38.0225,38.3782,2593570
166638,VCB,20160830,40.1546,40.5099,39.0885,39.4442,1550890
166943,VCB,20160829,42.2867,42.9974,40.8653,40.8656,1324350
167241,VCB,20160826,39.7992,40.8653,39.4439,40.8656,1821780
167528,VCB,20160825,38.3778,38.7332,38.0225,38.3782,453540
167824,VCB,20160824,38.0225,38.7332,38.0225,38.3782,275230
168131,VCB,20160823,37.6671,38.3778,37.3118,37.6675,559330
168416,VCB,20160822,39.0885,39.0885,38.0225,38.0228,466900
168722,VCB,20160819,37.6671,38.7332,37.6671,38.0228,250570
168988,VCB,20160818,38.3778,39.0885,37.6671,37.6675,577820
169308,VCB,20160817,38.3778,38.3778,36.9564,37.6675,635370
169566,VCB,20160816,38.3778,39.0885,38.0225,38.3782,513280
169864,VCB,20160815,38.0225,39.0885,38.0225,38.7335,165580
170170,VCB,20160812,39.4439,39.7992,38.0225,38.7335,331030
170458,VCB,20160811,38.0225,39.7992,38.0225,39.7996,737430
170747,VCB,20160810,37.3118,38.3778,37.3118,38.0228,310040
171057,VCB,20160809,36.9564,37.6671,36.6011,37.6675,181050
171344,VCB,20160808,36.6011,36.9564,35.8904,36.9567,348760
171622,VCB,20160805,37.3118,37.3118,35.8904,36.246,327970
171894,VCB,20160804,36.2457,38.3778,35.8904,36.9567,537660
172199,VCB,20160803,36.2457,36.6011,35.1797,35.8907,324230
172506,VCB,20160802,37.6671,37.6671,36.2457,36.6014,634560
172792,VCB,20160801,38.3778,38.3778,37.6671,37.6675,365040
173059,VCB,20160729,38.7332,39.0885,38.0225,38.3782,225610
173358,VCB,20160728,38.7332,39.0885,38.0225,39.0889,91390
173654,VCB,20160727,38.7332,38.7332,37.3118,38.7335,402240
173959,VCB,20160726,37.6671,38.3778,36.9564,37.6675,268770
174244,VCB,20160725,36.9564,38.0225,36.6011,37.6675,318900
174543,VCB,20160722,39.0885,39.4439,36.9564,36.9567,886600
174849,VCB,20160721,39.0885,39.4439,37.6671,39.4442,657360
175111,VCB,20160720,40.1546,40.1546,38.3778,39.0889,422540
175422,VCB,20160719,39.7992,40.5099,39.0885,39.7996,559050
175704,VCB,20160718,38.0225,39.7992,37.6671,39.4442,736570
176024,VCB,20160715,39.7992,40.5099,38.3778,38.3782,850920
176289,VCB,20160714,41.2206,41.576,39.7992,39.7996,921830
176595,VCB,20160713,38.3778,40.8653,38.3778,40.8656,1442560
176915,VCB,20160712,36.9564,38.3778,36.9564,38.3782,725030
177443,VCB,20160711,36.6011,38.0225,36.2457,36.9567,1538540
177505,VCB,20160708,36.2457,37.3118,35.535,36.246,834180
177813,VCB,20160707,35.8904,36.2457,35.3929,36.246,714940
178087,VCB,20160706,35.535,36.6011,35.4639,35.5353,592020
178402,VCB,20160705,35.1086,36.9564,35.1086,35.8907,1658790
178673,VCB,20160704,33.7583,35.1086,33.7583,34.9668,1206430
178980,VCB,20160701,33.6161,33.9715,33.4029,33.7586,523850
179259,VCB,20160630,33.474000000000004,33.7583,33.4029,33.6164,478490
179564,VCB,20160629,33.1186,33.6872,33.1186,33.6164,544530
179852,VCB,20160628,32.5501,33.2608,32.5501,32.9768,403030
180136,VCB,20160627,32.9765,32.9765,32.2658,32.8346,341850
180434,VCB,20160624,34.0425,34.1136,31.7683,33.2611,827980
180733,VCB,20160623,33.3318,34.1136,33.2608,34.1139,688340
181045,VCB,20160622,33.4029,33.474000000000004,33.0476,33.2611,483280
181297,VCB,20160621,33.3318,33.474000000000004,33.2608,33.4032,527750
181583,VCB,20160620,33.474000000000004,33.6161,32.9054,33.3321,622260
181862,VCB,20160617,33.6161,33.9004,33.474000000000004,33.4743,946910
182171,VCB,20160616,34.0425,34.1847,33.8293,33.9007,627180
182477,VCB,20160615,34.2557,34.2557,33.9004,33.9718,603140
182748,VCB,20160614,34.1847,34.54,33.9715,34.3271,789760
183039,VCB,20160613,34.469,34.7532,34.3268,34.3982,1201150
183317,VCB,20160610,34.1847,34.8954,34.1847,34.4693,885040
183622,VCB,20160609,34.0425,34.3268,33.9004,34.185,401410
183876,VCB,20160608,34.1847,34.54,33.9715,34.0428,912800
184167,VCB,20160607,34.1136,34.3268,33.9004,34.185,435960
184477,VCB,20160606,33.474000000000004,34.469,33.474000000000004,33.9718,783790
184773,VCB,20160603,33.4029,33.7583,33.4029,33.6164,440430
185081,VCB,20160602,33.2608,33.6161,33.1186,33.4743,290780
185368,VCB,20160601,33.0476,33.4029,33.0476,33.3321,370980
185644,VCB,20160531,33.3318,33.7583,33.1186,33.19,490340
185947,VCB,20160530,32.479,33.2608,32.2658,33.2611,535160
186210,VCB,20160527,32.2658,32.4079,31.8394,32.195,591480
186499,VCB,20160526,32.6922,32.9054,32.1947,32.195,722940
186784,VCB,20160525,33.0476,33.1897,32.6922,32.6925,272480
187092,VCB,20160524,32.9765,33.0476,32.3369,32.6214,757630
187378,VCB,20160523,33.6161,33.9715,32.7633,32.7636,701070
187680,VCB,20160520,34.54,34.6822,33.545,33.6875,1038420
187955,VCB,20160519,34.8243,34.8243,34.1847,34.185,402860
188247,VCB,20160518,34.3268,35.3929,34.2557,34.8246,1259090
188528,VCB,20160517,34.2557,34.6822,34.0425,34.3271,663200
188826,VCB,20160516,33.6872,34.3268,33.545,34.3271,377280
189104,VCB,20160513,34.1136,34.3268,33.4029,33.8296,679240
189428,VCB,20160512,34.8243,35.0375,34.1136,34.1139,488750
189695,VCB,20160511,34.54,34.9664,34.3268,34.8246,713460
190009,VCB,20160510,34.1136,34.54,33.8293,34.5403,544750
190289,VCB,20160509,34.54,35.0375,34.1136,34.1139,831230
190575,VCB,20160506,33.6872,34.6822,33.545,34.5403,1525690
190884,VCB,20160505,33.0476,33.9715,32.9054,33.4743,1076200
191157,VCB,20160504,32.5501,33.1897,32.1236,32.7636,747740
191444,VCB,20160429,32.4079,33.2608,32.4079,32.6925,726380
191755,VCB,20160428,32.6922,33.2608,32.479,32.8346,693290
192046,VCB,20160427,33.545,33.7583,32.6211,32.6925,1194570
192336,VCB,20160426,32.3369,33.545,32.3369,33.5454,835300
192617,VCB,20160425,32.6211,33.2608,32.6211,32.6214,1300050
192899,VCB,20160422,30.489,32.5501,30.489,32.4793,2478140
193171,VCB,20160421,30.418000000000003,30.7022,30.2758,30.4893,818280
193483,VCB,20160420,30.2048,30.418000000000003,29.9205,30.4182,769750
193741,VCB,20160419,30.2758,30.7733,29.9915,30.134,983900
194030,VCB,20160415,30.2048,30.9155,30.0626,30.205,1187790
194354,VCB,20160414,29.7783,30.2048,29.7073,30.0629,774160
194623,VCB,20160413,29.7783,30.1337,29.7073,29.7786,633990
194891,VCB,20160412,29.5651,30.2758,29.1387,29.9208,970780
195204,VCB,20160411,29.423000000000002,29.8494,29.0676,29.5654,985640
195499,VCB,20160408,29.4941,29.6362,29.3519,29.4233,653640
195763,VCB,20160407,29.9915,29.9915,29.2098,29.6365,594270
196055,VCB,20160406,29.1387,29.8494,29.0676,29.8497,920280
196356,VCB,20160405,29.0676,29.423000000000002,28.9255,29.139,610190
196604,VCB,20160404,29.2808,29.3519,28.7834,29.0679,439520
196925,VCB,20160401,29.1387,29.423000000000002,28.9966,29.0679,554870
197184,VCB,20160331,29.8494,29.9915,29.1387,29.139,937910
197473,VCB,20160330,29.5651,30.0626,29.5651,29.9208,444490
197777,VCB,20160329,30.489,30.489,29.8494,29.8497,325890
198067,VCB,20160328,30.489,30.5601,30.2758,30.4182,533900
198338,VCB,20160325,29.8494,30.418000000000003,29.5651,30.4182,1381530
198651,VCB,20160324,30.489,30.5601,29.8494,29.9208,825250
198936,VCB,20160323,30.7733,30.7733,30.418000000000003,30.4893,645700
199244,VCB,20160322,30.5601,30.7733,30.418000000000003,30.7736,592130
199520,VCB,20160321,30.7733,31.1997,30.418000000000003,30.4893,1862820
199818,VCB,20160318,30.2758,30.418000000000003,29.9915,30.205,3546350
200115,VCB,20160317,30.3469,31.0576,30.3469,30.3472,1074970
200390,VCB,20160316,29.9205,30.9155,29.9205,30.7025,1864950
200688,VCB,20160315,29.4941,29.9205,29.4941,29.8497,1294120
200973,VCB,20160314,29.6362,29.6362,29.3519,29.6365,807110
201253,VCB,20160311,29.7073,29.7783,29.4941,29.5654,510750
201534,VCB,20160310,29.4941,29.6362,29.1387,29.5654,643780
201850,VCB,20160309,29.6362,29.7783,29.3519,29.4233,469530
202132,VCB,20160308,29.7073,29.8494,29.423000000000002,29.5654,775770
202404,VCB,20160307,29.7073,29.9915,29.6362,29.7075,567700
202695,VCB,20160304,29.5651,30.2048,29.4941,29.7075,681190
202975,VCB,20160303,29.5651,29.9205,29.4941,29.5654,464550
203260,VCB,20160302,29.2098,29.7783,29.1387,29.6365,647420
203554,VCB,20160301,29.1387,29.4941,28.9255,28.9258,849900
203850,VCB,20160229,29.7073,29.8494,29.1387,29.139,887030
204148,VCB,20160226,29.8494,29.8494,29.3519,29.8497,493160
204429,VCB,20160225,30.2048,30.5601,29.5651,29.7075,1236220
204691,VCB,20160224,29.1387,30.5601,28.9255,30.0629,1653800
204972,VCB,20160223,28.9255,29.5651,28.9255,29.139,1130660
205278,VCB,20160222,28.4991,28.7834,28.428,28.7125,653090
205584,VCB,20160219,28.8544,28.8544,28.4991,28.4993,473670
205867,VCB,20160218,28.428,29.0676,28.3569,28.6415,735780
206143,VCB,20160217,28.6412,28.8544,28.2859,28.2861,827530
206420,VCB,20160216,28.4991,28.9966,28.4991,28.6415,390050
206692,VCB,20160215,28.2859,28.8544,28.0016,28.6415,800790
206980,VCB,20160205,28.1437,28.7123,28.1437,28.4993,268300
207232,VCB,20160204,28.428,28.8544,28.428,28.4283,286750
207523,VCB,20160203,28.428,28.428,27.9305,28.144000000000002,802180
207787,VCB,20160202,28.7123,28.9966,28.6412,28.7125,603810
208068,VCB,20160201,29.423000000000002,29.4941,28.9255,28.9258,223320
208331,VCB,20160129,28.7834,29.423000000000002,28.6412,29.4233,1019250
208612,VCB,20160128,28.6412,28.9966,28.6412,28.7836,562170
208879,VCB,20160127,29.3519,29.3519,28.7834,28.7836,582060
209171,VCB,20160126,28.7834,29.3519,28.6412,28.8547,656340
209431,VCB,20160125,28.428,29.7783,28.428,29.6365,1367810
209724,VCB,20160122,28.428,28.4991,27.433000000000003,28.144000000000002,777540
209991,VCB,20160121,28.0016,28.428,27.7884,28.0018,654450
210266,VCB,20160120,28.428,29.1387,28.0727,28.4283,733790
210539,VCB,20160119,27.433000000000003,28.7123,27.433000000000003,28.6415,771340
210826,VCB,20160118,28.0727,28.428,27.0066,27.4333,1614080
211106,VCB,20160115,29.7073,29.8494,28.8544,28.8547,880150
211374,VCB,20160114,29.7073,29.9915,29.4941,29.7075,641380
211662,VCB,20160113,30.418000000000003,30.489,30.0626,30.0629,448800
211934,VCB,20160112,29.8494,30.3469,29.8494,30.3472,481040
212199,VCB,20160111,29.9915,30.1337,29.7073,29.7786,742390
212465,VCB,20160108,30.0626,30.2758,29.6362,29.9918,676340
212743,VCB,20160107,30.418000000000003,30.489,29.8494,30.205,935460
213038,VCB,20160106,30.2048,30.7022,30.2048,30.5604,699490
213308,VCB,20160105,30.489,30.8444,30.1337,30.205,1133260
213606,VCB,20160104,30.7022,31.2708,30.2758,30.7025,761750
